তারখি,সাহরি,ইফতার
০২ র্মাচ,৫:০৪,৬:০২
০৩ র্মাচ,৫:০৩,৬:০৩
০৪ র্মাচ,৫:০২,৬:০৩
০৫ র্মাচ,৫:০১,৬:০৪
০৬ র্মাচ,৫:০০,৬:০৪
০৭ র্মাচ,৪:৫৯,৬:০৫
০৮ র্মাচ,৪:৫৮,৬:০৫
০৯ র্মাচ,৪:৫৭,৬:০৬
১০ র্মাচ,৪:৫৬,৬:০৬
১১ র্মাচ,৪:৫৫,৬:০৬
১২ র্মাচ,৪:৫৪,৬:০৭
১৩ র্মাচ,৪:৫৩,৬:০৭
১৪ র্মাচ,৪:৫২,৬:০৮
১৫ র্মাচ,৪:৫১,৬:০৮
১৬ র্মাচ,৪:৫০,৬:০৮
১৭ র্মাচ,৪:৪৯,৬:০৯
১৮ র্মাচ,৪:৪৮,৬:০৯
১৯ র্মাচ,৪:৪৭,৬:১০
২০ র্মাচ,৪:৪৬,৬:১০
২১ র্মাচ,৪:৪৫,৬:১০
২২ র্মাচ,৪:৪৪,৬:১১
২৩ র্মাচ,৪:৪৩,৬:১১
২৪ র্মাচ,৪:৪২,৬:১১
২৫ র্মাচ,৪:৪১,৬:১২
২৬ র্মাচ,৪:৪০,৬:১২
২৭ র্মাচ,৪:৩৯,৬:১৩
২৮ র্মাচ,৪:৩৮,৬:১৩
২৯ র্মাচ,৪:৩৬,৬:১৪
৩০ র্মাচ,৪:৩৫,৬:১৪
৩১ র্মাচ,৪:৩৪,৬:১৫
০১ এপ্রিল,৪:৩৩,৬:১৫
